Band,1,2,3
1,24.5,18.8,13.3
2,24.5,18.8,13.3
3,24.5,18.8,13.3
4,24.5,18.8,13.3
5,24,22.8,21.8
7,24,18.3,13.3
8,24,22.8,21.8
9,24.5,18.8,13.3
12,24,22.8,21.8
13,24,22.8,21.8
14,24,22.8,21.8
17,24,22.8,21.8
18,24,22.8,21.8
19,24,22.8,21.8
20,24,22.8,21.8
25,24.5,18.8,13.3
26,24,22.8,21.8
28,24,22.8,21.8
28B,24,22.8,21.8
30,22.8,18.3,13.3
34,24,18.8,13.3
38,24,18.3,13.3
39,24,18.8,13.3
40,25.5,18.3,13.3
40B,25.5,18.3,13.3
41,26,18.3,13.3
41B,26,18.3,13.3
41C,26,18.3,13.3
66,24,18.8,13.3
71,24,22.8,21.8
1,24.5,18.8,13.3
2,24.5,18.8,13.3
5,24,22.8,21.8
8,24,22.8,21.8